"Time (s)","Latitude (°)","Longitude (°)","Height (m)","Velocity (m/s)","Direction (°)","Horizontal Accuracy (m)","Vertical Accuracy (m)"
6.092019270E-1,6.504154358E1,2.545337330E1,1.471310635E1,5.600000024E-1,3.363999939E2,6.944786549E0,7.482116699E0
1.671809323E0,6.504145653E1,2.545342025E1,2.387726864E1,5.699999928E-1,3.363999939E2,6.290751457E0,7.301393509E0
2.672506145E0,6.504149069E1,2.545331666E1,2.030455244E1,4.399999976E-1,3.363999939E2,5.213240147E0,6.584143639E0
3.671920311E0,6.504144391E1,2.545327177E1,2.189849969E1,7.200000286E-1,2.123000031E2,3.790092468E0,4.157062531E0
4.433944842E0,6.504146919E1,2.545322173E1,2.215617539E1,8.999999762E-1,2.123000031E2,3.790092468E0,4.694061279E0
5.433707185E0,6.504147025E1,2.545320164E1,2.288230831E1,1.080000043E0,2.211000061E2,3.790092468E0,3.314610481E0
6.434230987E0,6.504146211E1,2.545318712E1,2.296690486E1,1.110000014E0,2.166999969E2,3.790092468E0,2.587922096E0
7.433797185E0,6.504145858E1,2.545319304E1,2.073424080E1,1.139999986E0,2.200000000E2,3.790092468E0,2.500000000E0
8.433728487E0,6.504145475E1,2.545317584E1,2.028685298E1,1.110000014E0,2.148999939E2,3.790092468E0,2.500000000E0
9.434182132E0,6.504144978E1,2.545315640E1,2.045317388E1,1.120000005E0,2.233999939E2,3.790092468E0,2.500000000E0
1.043386531E1,6.504144474E1,2.545313708E1,1.996214619E1,1.200000048E0,2.346000061E2,3.790092468E0,2.500000000E0
1.143433354E1,6.504144121E1,2.545311506E1,1.952556101E1,1.200000048E0,2.435000000E2,3.790092468E0,2.500000000E0
1.243433484E1,6.504143768E1,2.545308825E1,1.928733963E1,1.220000029E0,2.451000061E2,3.790092468E0,2.500000000E0
1.343385161E1,6.504143470E1,2.545305962E1,1.925566083E1,1.240000010E0,2.471999969E2,3.790092468E0,2.500000000E0
1.443449848E1,6.504143204E1,2.545303052E1,1.928611565E1,1.279999971E0,2.518000031E2,3.790092468E0,2.500000000E0
1.543405890E1,6.504143077E1,2.545300042E1,1.902341797E1,1.309999943E0,2.592999878E2,3.790092468E0,2.500000000E0
1.643438005E1,6.504142949E1,2.545296785E1,1.954435043E1,1.350000024E0,2.637000122E2,3.790092468E0,2.500000000E0
1.743417885E1,6.504142993E1,2.545293808E1,2.001010670E1,1.330000043E0,2.691000061E2,3.790092468E0,2.500000000E0
1.843410869E1,6.504143227E1,2.545290824E1,2.056186074E1,1.330000043E0,2.748999939E2,3.790092468E0,2.500000000E0
1.943435020E1,6.504143509E1,2.545287916E1,2.067110979E1,1.320000052E0,2.772000122E2,3.790092468E0,2.500000000E0
2.043395812E1,6.504143927E1,2.545284657E1,2.084261383E1,1.340000033E0,2.783999939E2,3.790092468E0,2.500000000E0
2.143433645E1,6.504144363E1,2.545281604E1,2.089137629E1,1.350000024E0,2.827000122E2,3.790092468E0,2.500000000E0
2.243397801E1,6.504144835E1,2.545278482E1,2.094880553E1,1.460000038E0,2.841000061E2,3.790092468E0,2.500000000E0
2.343367733E1,6.504145471E1,2.545275925E1,2.121924737E1,1.299999952E0,2.987999878E2,3.790092468E0,2.500000000E0
2.443447572E1,6.504146092E1,2.545273585E1,2.120264112E1,1.139999986E0,2.905000000E2,3.790092468E0,2.500000000E0
2.543444030E1,6.504147157E1,2.545271676E1,2.141247397E1,1.309999943E0,3.172999878E2,3.790092468E0,2.500000000E0
2.643379312E1,6.504147961E1,2.545269004E1,2.154503661E1,1.340000033E0,2.990000000E2,3.790092468E0,2.500000000E0
2.743408457E1,6.504148830E1,2.545266459E1,2.134465234E1,1.350000024E0,3.018999939E2,3.790092468E0,2.500000000E0
2.843425905E1,6.504149743E1,2.545264049E1,2.156003951E1,1.330000043E0,3.043999939E2,3.790092468E0,2.500000000E0
2.943384702E1,6.504150520E1,2.545261518E1,2.175504136E1,1.340000033E0,3.037999878E2,3.790092468E0,2.500000000E0
3.043446957E1,6.504151336E1,2.545259039E1,2.201486244E1,1.379999995E0,3.086000061E2,3.790092468E0,2.500000000E0
3.143452280E1,6.504152230E1,2.545256564E1,2.198806212E1,1.360000014E0,3.072000122E2,3.790092468E0,2.500000000E0
3.243388254E1,6.504153119E1,2.545254150E1,2.187044156E1,1.330000043E0,3.072999878E2,3.790092468E0,2.500000000E0
3.343415113E1,6.504154081E1,2.545251758E1,2.204847503E1,1.399999976E0,3.126000061E2,3.790092468E0,2.500000000E0
3.443463087E1,6.504155194E1,2.545249403E1,2.190766029E1,1.370000005E0,3.147000122E2,3.790092468E0,2.500000000E0
3.543379650E1,6.504156206E1,2.545247331E1,2.185595755E1,1.360000014E0,3.143999939E2,3.790092468E0,2.500000000E0
3.643414415E1,6.504157273E1,2.545245284E1,2.213317306E1,1.440000057E0,3.157000122E2,3.790092468E0,2.500000000E0
3.743418686E1,6.504158267E1,2.545243091E1,2.221171929E1,1.399999976E0,3.142999878E2,3.790092468E0,2.500000000E0
3.843453051E1,6.504159073E1,2.545240998E1,2.187870631E1,1.309999943E0,3.137999878E2,3.790092468E0,2.500000000E0
3.943455556E1,6.504159921E1,2.545238784E1,2.174460661E1,1.299999952E0,3.153999939E2,3.790092468E0,2.500000000E0
4.043434342E1,6.504160685E1,2.545236446E1,2.163540947E1,1.360000014E0,3.100000000E2,3.790092468E0,2.500000000E0
4.143421957E1,6.504161472E1,2.545234322E1,2.164321683E1,1.399999976E0,3.088999939E2,3.790092468E0,2.500000000E0
4.243390889E1,6.504162449E1,2.545232232E1,2.149019585E1,1.379999995E0,3.131000061E2,3.790092468E0,2.500000000E0
4.343429931E1,6.504163506E1,2.545230173E1,2.109632985E1,1.379999995E0,3.137999878E2,3.790092468E0,2.500000000E0
4.443413316E1,6.504164636E1,2.545228674E1,2.063221263E1,1.230000019E0,3.188999939E2,3.790092468E0,2.500000000E0
4.543404561E1,6.504165631E1,2.545226952E1,2.060913577E1,1.350000024E0,3.121000061E2,3.790092468E0,2.500000000E0
4.643440832E1,6.504166588E1,2.545225080E1,2.014398128E1,1.370000005E0,3.152000122E2,3.790092468E0,2.500000000E0
4.743372483E1,6.504167376E1,2.545222794E1,1.984063126E1,1.399999976E0,3.107000122E2,3.790092468E0,2.500000000E0
4.843402982E1,6.504168292E1,2.545220819E1,1.939183425E1,1.429999948E0,3.125000000E2,3.790092468E0,2.500000000E0
4.943399920E1,6.504169300E1,2.545218843E1,1.941209206E1,1.360000014E0,3.147999878E2,3.790092468E0,2.500000000E0
5.043397993E1,6.504170241E1,2.545216792E1,1.939188375E1,1.360000014E0,3.122999878E2,3.790092468E0,2.500000000E0
5.143419753E1,6.504171081E1,2.545214533E1,1.970614829E1,1.360000014E0,3.112000122E2,3.790092468E0,2.500000000E0
5.243374446E1,6.504171856E1,2.545212678E1,1.936318692E1,1.279999971E0,3.152000122E2,3.790092468E0,2.500000000E0
5.343397951E1,6.504172709E1,2.545210756E1,1.959365046E1,1.370000005E0,3.142999878E2,3.790092468E0,2.500000000E0
5.443422092E1,6.504173615E1,2.545208555E1,1.952760474E1,1.389999986E0,3.130000000E2,3.790092468E0,2.500000000E0
5.543453456E1,6.504174346E1,2.545206719E1,1.918598633E1,1.309999943E0,3.122999878E2,3.790092468E0,2.500000000E0
5.643463675E1,6.504175072E1,2.545205168E1,1.915283990E1,1.149999976E0,3.147999878E2,3.790092468E0,2.500000000E0
5.743397690E1,6.504175693E1,2.545202949E1,1.878753991E1,1.279999971E0,3.027000122E2,3.790092468E0,2.500000000E0
5.843452831E1,6.504176417E1,2.545200827E1,1.818737633E1,1.120000005E0,3.157999878E2,3.790092468E0,2.500000000E0
5.943392571E1,6.504177142E1,2.545198921E1,1.845531598E1,1.179999948E0,3.141000061E2,3.790092468E0,2.500000000E0
6.043389555E1,6.504177925E1,2.545197163E1,1.848387567E1,1.259999990E0,3.155000000E2,3.790092468E0,2.500000000E0
6.143358946E1,6.504178699E1,2.545195447E1,1.856834362E1,1.320000052E0,3.151000061E2,3.790092468E0,2.500000000E0
6.243413826E1,6.504179317E1,2.545193634E1,1.838694297E1,1.210000038E0,3.097999878E2,3.790092468E0,2.500000000E0
6.343278914E1,6.504179914E1,2.545191610E1,1.790207539E1,1.269999981E0,3.098999939E2,3.790092468E0,2.500000000E0
6.443274310E1,6.504180603E1,2.545189780E1,1.780758850E1,1.250000000E0,3.103999939E2,3.790092468E0,2.500000000E0
6.543347664E1,6.504181417E1,2.545187754E1,1.764822055E1,1.340000033E0,3.123999939E2,3.790092468E0,2.500000000E0
6.643276888E1,6.504182265E1,2.545185762E1,1.728798581E1,1.320000052E0,3.111000061E2,3.790092468E0,2.500000000E0
6.743305138E1,6.504183061E1,2.545183693E1,1.716914523E1,1.289999962E0,3.135000000E2,3.790092468E0,2.500000000E0
6.843333482E1,6.504183860E1,2.545181560E1,1.734534853E1,1.220000029E0,3.146000061E2,3.790092468E0,2.500000000E0
6.943340523E1,6.504184785E1,2.545179364E1,1.750360694E1,1.230000019E0,3.146000061E2,3.790092468E0,2.500000000E0
7.043296924E1,6.504185595E1,2.545177225E1,1.770910706E1,1.259999990E0,3.132000122E2,3.790092468E0,2.500000000E0
7.143329987E1,6.504186183E1,2.545174643E1,1.736150706E1,1.240000010E0,3.073999939E2,3.790092468E0,2.500000000E0
7.243307971E1,6.504186752E1,2.545171928E1,1.752556471E1,1.279999971E0,3.071000061E2,3.790092468E0,2.500000000E0
7.343313362E1,6.504187304E1,2.545169691E1,1.768266488E1,1.220000029E0,3.038999939E2,3.790092468E0,2.500000000E0
7.443260341E1,6.504188074E1,2.545167300E1,1.773301355E1,1.259999990E0,3.102000122E2,3.790092468E0,2.500000000E0
7.543273544E1,6.504188826E1,2.545165182E1,1.758274000E1,1.210000038E0,3.122999878E2,3.790092468E0,2.500000000E0
7.643330341E1,6.504189575E1,2.545163294E1,1.752884119E1,1.230000019E0,3.183999939E2,3.790092468E0,2.500000000E0
7.743290586E1,6.504190388E1,2.545161288E1,1.776443176E1,1.279999971E0,3.128999939E2,3.790092468E0,2.500000000E0
7.843333362E1,6.504191250E1,2.545159328E1,1.753597189E1,1.250000000E0,3.141000061E2,3.790092468E0,2.500000000E0
7.943288023E1,6.504192026E1,2.545157264E1,1.746986577E1,1.299999952E0,3.141000061E2,3.790092468E0,2.500000000E0
8.043269367E1,6.504192842E1,2.545154855E1,1.769819276E1,1.370000005E0,3.098999939E2,3.790092468E0,2.500000000E0
8.143360481E1,6.504193654E1,2.545152997E1,1.771771902E1,1.360000014E0,3.118999939E2,3.790092468E0,2.500000000E0
8.243296601E1,6.504194395E1,2.545150952E1,1.774017507E1,1.360000014E0,3.078999939E2,3.790092468E0,2.500000000E0
8.343302059E1,6.504195114E1,2.545149202E1,1.786413296E1,1.269999981E0,3.157000122E2,3.790092468E0,2.500000000E0
8.443339783E1,6.504195935E1,2.545147567E1,1.791356662E1,1.259999990E0,3.126000061E2,3.790092468E0,2.500000000E0
8.543333840E1,6.504196829E1,2.545145864E1,1.799650823E1,1.409999967E0,3.137000122E2,3.790092468E0,2.500000000E0
8.643268549E1,6.504197603E1,2.545144058E1,1.812394485E1,1.330000043E0,3.096000061E2,3.790092468E0,2.500000000E0
8.743330481E1,6.504198402E1,2.545142272E1,1.819846391E1,1.259999990E0,3.127999878E2,3.790092468E0,2.500000000E0
8.843349590E1,6.504199169E1,2.545140251E1,1.786093453E1,1.330000043E0,3.142000122E2,3.790092468E0,2.500000000E0
8.943267210E1,6.504199914E1,2.545137885E1,1.797793371E1,1.350000024E0,3.087000122E2,3.790092468E0,2.500000000E0
9.043282814E1,6.504200810E1,2.545135463E1,1.782228820E1,1.309999943E0,3.127999878E2,3.790092468E0,2.500000000E0
9.143275429E1,6.504201755E1,2.545133257E1,1.794148401E1,1.379999995E0,3.142999878E2,3.790092468E0,2.500000000E0
9.243296835E1,6.504202569E1,2.545131379E1,1.774921825E1,1.309999943E0,3.145000000E2,3.790092468E0,2.500000000E0
9.343296481E1,6.504203280E1,2.545129461E1,1.782685031E1,1.309999943E0,3.096000061E2,3.790092468E0,2.500000000E0
9.443309220E1,6.504204004E1,2.545127597E1,1.779773190E1,1.299999952E0,3.098999939E2,3.790092468E0,2.500000000E0
9.543313444E1,6.504204658E1,2.545125483E1,1.773425072E1,1.299999952E0,3.108999939E2,3.790092468E0,2.500000000E0
9.643351923E1,6.504205379E1,2.545123310E1,1.744292499E1,1.309999943E0,3.068999939E2,3.790092468E0,2.500000000E0
9.743273012E1,6.504206216E1,2.545121233E1,1.735655494E1,1.320000052E0,3.128999939E2,3.790092468E0,2.500000000E0
9.843268304E1,6.504207046E1,2.545119529E1,1.730668430E1,1.299999952E0,3.093999939E2,3.790092468E0,2.500000000E0
9.943314376E1,6.504207811E1,2.545117370E1,1.777945752E1,1.389999986E0,3.090000000E2,3.790092468E0,2.500000000E0
1.004332416E2,6.504208624E1,2.545115501E1,1.804611511E1,1.269999981E0,3.127999878E2,3.790092468E0,2.500000000E0
1.014332259E2,6.504209535E1,2.545113523E1,1.800472778E1,1.340000033E0,3.088999939E2,3.790092468E0,2.500000000E0
1.024335393E2,6.504210305E1,2.545111724E1,1.809993785E1,1.149999976E0,3.136000061E2,3.790092468E0,2.500000000E0
1.034327011E2,6.504211033E1,2.545109417E1,1.831459340E1,1.320000052E0,3.093999939E2,3.790092468E0,2.500000000E0
1.044333638E2,6.504211856E1,2.545107259E1,1.847523261E1,1.330000043E0,3.105000000E2,3.790092468E0,2.500000000E0
1.054333964E2,6.504212686E1,2.545105357E1,1.861994186E1,1.279999971E0,3.097999878E2,3.790092468E0,2.500000000E0
1.064332567E2,6.504213559E1,2.545103607E1,1.872986104E1,1.240000010E0,3.133999939E2,3.790092468E0,2.500000000E0
1.074332311E2,6.504214494E1,2.545101845E1,1.855492889E1,1.279999971E0,3.182000122E2,3.790092468E0,2.500000000E0
1.084333682E2,6.504215531E1,2.545100054E1,1.878966428E1,1.299999952E0,3.248999939E2,3.790092468E0,2.500000000E0
1.094331157E2,6.504216658E1,2.545098688E1,1.888340851E1,1.250000000E0,3.272000122E2,3.790092468E0,2.500000000E0
1.104332353E2,6.504217881E1,2.545097563E1,1.895035816E1,1.309999943E0,3.370000000E2,3.790092468E0,2.500000000E0
1.114327028E2,6.504219196E1,2.545096387E1,1.898978054E1,1.340000033E0,3.373999939E2,3.790092468E0,2.500000000E0
1.124328093E2,6.504220394E1,2.545095239E1,1.908553885E1,1.230000019E0,3.361000061E2,3.790092468E0,2.500000000E0
1.134328841E2,6.504221445E1,2.545094153E1,1.888790182E1,1.200000048E0,3.422000122E2,3.790092468E0,2.500000000E0
1.144326933E2,6.504222530E1,2.545093378E1,1.926692510E1,1.250000000E0,3.473999939E2,3.790092468E0,2.500000000E0
1.154332320E2,6.504223554E1,2.545092545E1,1.940809456E1,1.309999943E0,3.402000122E2,3.790092468E0,2.500000000E0
1.164334309E2,6.504224629E1,2.545092213E1,1.981366860E1,1.289999962E0,3.480000000E2,3.790092468E0,2.500000000E0
1.174335084E2,6.504225866E1,2.545091633E1,2.022308698E1,1.330000043E0,3.463999939E2,3.790092468E0,2.500000000E0
1.184329112E2,6.504226976E1,2.545090703E1,2.008459292E1,1.240000010E0,3.457000122E2,3.790092468E0,2.500000000E0
1.194329728E2,6.504228123E1,2.545089958E1,2.003203640E1,1.230000019E0,3.441000061E2,3.790092468E0,2.500000000E0
1.204328570E2,6.504229221E1,2.545089246E1,2.003721935E1,1.200000048E0,3.440000000E2,3.790092468E0,2.500000000E0
1.214333778E2,6.504230274E1,2.545088270E1,2.017033192E1,1.210000038E0,3.413999939E2,3.790092468E0,2.500000000E0
1.224331216E2,6.504231469E1,2.545087539E1,2.008231380E1,1.289999962E0,3.478999939E2,3.790092468E0,2.500000000E0
1.234330855E2,6.504232597E1,2.545086980E1,2.010501387E1,1.220000029E0,3.476000061E2,3.790092468E0,2.500000000E0
1.244329842E2,6.504233705E1,2.545086466E1,2.027602950E1,1.230000019E0,3.465000000E2,3.790092468E0,2.500000000E0
1.254328837E2,6.504234817E1,2.545085719E1,2.052724508E1,1.200000048E0,3.452000122E2,3.790092468E0,2.500000000E0
1.264328209E2,6.504235967E1,2.545084918E1,2.071358009E1,1.190000057E0,3.410000000E2,3.790092468E0,2.500000000E0
1.274330710E2,6.504237062E1,2.545083977E1,2.072956606E1,1.259999990E0,3.398999939E2,3.790092468E0,2.500000000E0
1.284328078E2,6.504238175E1,2.545083033E1,2.067572774E1,1.179999948E0,3.380000000E2,3.790092468E0,2.500000000E0
1.294335727E2,6.504239287E1,2.545082541E1,2.043451193E1,1.159999967E0,3.426000061E2,3.790092468E0,2.500000000E0
1.304329243E2,6.504240374E1,2.545081906E1,2.034069598E1,1.190000057E0,3.421000061E2,3.790092468E0,2.500000000E0
1.314328389E2,6.504241411E1,2.545081318E1,2.030706094E1,1.129999995E0,3.426000061E2,3.790092468E0,2.500000000E0
1.324335899E2,6.504242516E1,2.545080767E1,2.018559607E1,1.200000048E0,3.445000000E2,3.790092468E0,2.500000000E0
1.334328413E2,6.504243582E1,2.545080135E1,2.018992474E1,1.129999995E0,3.452000122E2,3.790092468E0,2.500000000E0
1.344329384E2,6.504244565E1,2.545079163E1,2.010141894E1,1.159999967E0,3.385000000E2,3.790092468E0,2.500000000E0
1.354328372E2,6.504245555E1,2.545078553E1,2.052902674E1,1.139999986E0,3.431000061E2,3.790092468E0,2.500000000E0
1.364332479E2,6.504246600E1,2.545078131E1,2.059677122E1,1.139999986E0,3.437000122E2,3.790092468E0,2.500000000E0
1.374332362E2,6.504247662E1,2.545077369E1,2.074947624E1,1.149999976E0,3.423999939E2,3.790092468E0,2.500000000E0
1.384332390E2,6.504248669E1,2.545076559E1,2.097914677E1,1.139999986E0,3.432000122E2,3.790092468E0,2.500000000E0
1.394330161E2,6.504249606E1,2.545075358E1,2.093367071E1,1.139999986E0,3.393999939E2,3.790092468E0,2.500000000E0
1.404330101E2,6.504250693E1,2.545074471E1,2.105952005E1,1.159999967E0,3.417000122E2,3.790092468E0,2.500000000E0
1.414329303E2,6.504251846E1,2.545073998E1,2.145575526E1,1.220000029E0,3.445000000E2,3.790092468E0,2.500000000E0
1.424329858E2,6.504252903E1,2.545072973E1,2.128918515E1,1.230000019E0,3.425000000E2,3.790092468E0,2.500000000E0
1.434328765E2,6.504253881E1,2.545072238E1,2.112115078E1,1.159999967E0,3.441000061E2,3.790092468E0,2.500000000E0
1.444330669E2,6.504254780E1,2.545071237E1,2.104900270E1,1.090000033E0,3.392999878E2,3.790092468E0,2.500000000E0
1.454334128E2,6.504255655E1,2.545070250E1,2.117705005E1,1.090000033E0,3.395000000E2,3.790092468E0,2.500000000E0
1.464332008E2,6.504256684E1,2.545069353E1,2.141270185E1,1.120000005E0,3.392999878E2,3.790092468E0,2.500000000E0
1.474330558E2,6.504257792E1,2.545068510E1,2.120572643E1,1.139999986E0,3.420000000E2,3.790092468E0,2.500000000E0
1.484328844E2,6.504258801E1,2.545067868E1,2.113754555E1,1.080000043E0,3.432000122E2,3.790092468E0,2.500000000E0
1.494331305E2,6.504259776E1,2.545067415E1,2.134255834E1,1.090000033E0,3.436000061E2,3.790092468E0,2.500000000E0
1.504330081E2,6.504260707E1,2.545066525E1,2.145443124E1,1.070000052E0,3.387999878E2,3.790092468E0,2.500000000E0
1.514332604E2,6.504261639E1,2.545065708E1,2.157381152E1,1.009999990E0,3.382999878E2,3.790092468E0,2.500000000E0
1.524331694E2,6.504262566E1,2.545065194E1,2.165907347E1,9.599999785E-1,3.477999878E2,3.790092468E0,2.500000000E0
1.534333308E2,6.504263510E1,2.545064575E1,2.176343925E1,1.000000000E0,3.461000061E2,3.790092468E0,2.500000000E0
1.544327609E2,6.504264404E1,2.545063723E1,2.182013655E1,1.000000000E0,3.432000122E2,3.790092468E0,2.500000000E0
1.554335444E2,6.504265249E1,2.545062978E1,2.169873356E1,9.300000072E-1,3.432999878E2,3.790092468E0,2.500000000E0
1.564328608E2,6.504266132E1,2.545062471E1,2.154003817E1,9.399999976E-1,3.497000122E2,3.790092468E0,2.500000000E0
1.574335248E2,6.504267077E1,2.545061691E1,2.156017528E1,1.080000043E0,3.420000000E2,3.790092468E0,2.500000000E0
1.584327078E2,6.504267932E1,2.545060973E1,2.165953643E1,9.900000095E-1,3.433999939E2,3.790092468E0,2.500000000E0
1.594329993E2,6.504268710E1,2.545059945E1,2.183012562E1,1.009999990E0,3.398999939E2,3.790092468E0,2.500000000E0
1.604329268E2,6.504269536E1,2.545059273E1,2.158872766E1,9.499999881E-1,3.418999939E2,3.790092468E0,2.500000000E0
1.614330754E2,6.504270382E1,2.545058895E1,2.144632893E1,9.800000191E-1,3.442999878E2,3.790092468E0,2.500000000E0
1.624334663E2,6.504271226E1,2.545058074E1,2.178909823E1,9.900000095E-1,3.378999939E2,3.790092468E0,2.500000000E0
1.634333085E2,6.504272392E1,2.545057416E1,2.229733272E1,1.220000029E0,3.450000000E2,3.790092468E0,2.500000000E0
1.644331493E2,6.504273637E1,2.545056348E1,2.260775157E1,1.059999943E0,3.425000000E2,3.790092468E0,2.500000000E0
1.654333401E2,6.504275139E1,2.545054855E1,2.247700687E1,1.549999952E0,3.390000000E2,3.790092468E0,2.500000000E0
1.664333082E2,6.504276090E1,2.545053960E1,2.249335966E1,1.070000052E0,3.398999939E2,3.790092468E0,2.500000000E0
1.674332265E2,6.504276855E1,2.545053188E1,2.286884417E1,9.800000191E-1,3.387000122E2,3.790092468E0,2.500000000E0
1.684327846E2,6.504277467E1,2.545052768E1,2.277722757E1,9.300000072E-1,3.425000000E2,3.790092468E0,2.500000000E0
1.694330597E2,6.504278110E1,2.545052165E1,2.242602815E1,1.110000014E0,3.428999939E2,3.790092468E0,2.500000000E0
1.704337070E2,6.504278732E1,2.545051577E1,2.234088108E1,1.000000000E0,3.407000122E2,3.790092468E0,2.500000000E0
1.714339864E2,6.504279427E1,2.545050731E1,2.235284040E1,1.039999962E0,3.402999878E2,3.790092468E0,2.500000000E0
1.724343047E2,6.504280159E1,2.545050066E1,2.228868891E1,1.019999981E0,3.407999878E2,3.790092468E0,2.500000000E0
1.734346778E2,6.504280927E1,2.545049339E1,2.247404893E1,1.000000000E0,3.397999878E2,3.790092468E0,2.500000000E0
1.744342500E2,6.504281759E1,2.545048727E1,2.258488489E1,1.059999943E0,3.387000122E2,3.790092468E0,2.500000000E0
1.754342364E2,6.504282581E1,2.545048049E1,2.250736633E1,1.080000043E0,3.385000000E2,3.790092468E0,2.500000000E0
1.764345671E2,6.504283516E1,2.545047454E1,2.251688354E1,1.179999948E0,3.421000061E2,3.790092468E0,2.500000000E0
1.774338615E2,6.504284362E1,2.545047004E1,2.251871081E1,1.039999962E0,3.468999939E2,3.790092468E0,2.500000000E0
1.784341129E2,6.504285250E1,2.545046523E1,2.270919755E1,1.039999962E0,3.468999939E2,3.790092468E0,2.500000000E0
1.794344716E2,6.504286047E1,2.545045720E1,2.256386891E1,1.000000000E0,3.396000061E2,3.790092468E0,2.500000000E0
1.804343635E2,6.504286908E1,2.545044980E1,2.260536869E1,9.900000095E-1,3.413999939E2,3.790092468E0,2.500000000E0
1.814345139E2,6.504287751E1,2.545044339E1,2.261299412E1,9.300000072E-1,3.411000061E2,3.790092468E0,2.500000000E0
1.824337824E2,6.504288629E1,2.545043471E1,2.267286530E1,1.009999990E0,3.376000061E2,3.790092468E0,2.500000000E0
1.834339556E2,6.504289736E1,2.545042510E1,2.292029650E1,1.309999943E0,3.391000061E2,3.790092468E0,2.500000000E0
1.844343311E2,6.504291019E1,2.545041666E1,2.287597908E1,1.379999995E0,3.405000000E2,3.790092468E0,2.500000000E0
1.854345000E2,6.504292275E1,2.545041066E1,2.244921571E1,1.340000033E0,3.442999878E2,3.790092468E0,2.500000000E0
1.864336814E2,6.504293661E1,2.545040483E1,2.287023017E1,1.460000038E0,3.437000122E2,3.790092468E0,2.500000000E0
1.874344389E2,6.504294955E1,2.545039600E1,2.305131549E1,1.480000019E0,3.412000122E2,3.790092468E0,2.500000000E0
1.884344783E2,6.504296242E1,2.545038700E1,2.352073091E1,1.559999943E0,3.426000061E2,3.790092468E0,2.500000000E0
1.894345406E2,6.504297442E1,2.545037778E1,2.351730730E1,1.379999995E0,3.386000061E2,3.790092468E0,2.500000000E0
1.904337320E2,6.504298637E1,2.545036901E1,2.354403511E1,1.490000010E0,3.446000061E2,3.790092468E0,2.500000000E0
1.914336586E2,6.504299837E1,2.545035774E1,2.348238376E1,1.470000029E0,3.407000122E2,3.790092468E0,2.500000000E0
1.924345187E2,6.504301082E1,2.545034996E1,2.329921157E1,1.460000038E0,3.450000000E2,3.790092468E0,2.500000000E0
1.934339621E2,6.504302275E1,2.545034349E1,2.302741667E1,1.370000005E0,3.440000000E2,3.790092468E0,2.500000000E0
1.944342495E2,6.504303456E1,2.545033613E1,2.303040200E1,1.409999967E0,3.466000061E2,3.790092468E0,2.500000000E0
1.954345361E2,6.504304758E1,2.545032709E1,2.256720016E1,1.419999957E0,3.413999939E2,3.790092468E0,2.500000000E0
1.964337594E2,6.504306047E1,2.545031360E1,2.231701064E1,1.519999981E0,3.423999939E2,3.790092468E0,2.500000000E0
1.974340530E2,6.504307351E1,2.545030348E1,2.232939463E1,1.490000010E0,3.467999878E2,3.790092468E0,2.500000000E0
1.984338085E2,6.504308660E1,2.545029122E1,2.250223982E1,1.549999952E0,3.408999939E2,3.790092468E0,2.500000000E0
1.994339234E2,6.504309945E1,2.545028236E1,2.245865477E1,1.549999952E0,3.425000000E2,3.790092468E0,2.500000000E0
2.004339565E2,6.504311173E1,2.545027227E1,2.269516016E1,1.529999971E0,3.435000000E2,3.790092468E0,2.500000000E0
2.014341177E2,6.504312351E1,2.545026352E1,2.276967857E1,1.450000048E0,3.440000000E2,3.790092468E0,2.500000000E0
2.024345640E2,6.504313474E1,2.545025481E1,2.257594769E1,1.409999967E0,3.441000061E2,3.790092468E0,2.500000000E0
2.034343846E2,6.504314849E1,2.545024616E1,2.266755517E1,1.490000010E0,3.397000122E2,3.790092468E0,2.500000000E0
2.044337558E2,6.504316168E1,2.545023683E1,2.264502707E1,1.500000000E0,3.417999878E2,3.790092468E0,2.500000000E0
2.054340892E2,6.504317589E1,2.545022825E1,2.261267197E1,1.480000019E0,3.435000000E2,3.790092468E0,2.500000000E0
2.064338158E2,6.504318959E1,2.545021967E1,2.272289520E1,1.529999971E0,3.416000061E2,3.790092468E0,2.500000000E0
2.074339617E2,6.504320217E1,2.545020500E1,2.285686096E1,1.490000010E0,3.400000000E2,3.790092468E0,2.500000000E0
2.084344591E2,6.504321444E1,2.545018999E1,2.265910074E1,1.490000010E0,3.422999878E2,3.790092468E0,2.500000000E0
2.094338154E2,6.504322652E1,2.545017738E1,2.233109180E1,1.409999967E0,3.421000061E2,3.790092468E0,2.500000000E0
2.104342092E2,6.504324024E1,2.545016666E1,2.238528454E1,1.529999971E0,3.413999939E2,3.790092468E0,2.500000000E0
2.114345086E2,6.504325441E1,2.545015903E1,2.286428209E1,1.580000043E0,3.448999939E2,3.790092468E0,2.500000000E0
2.124340626E2,6.504326771E1,2.545014660E1,2.279713694E1,1.460000038E0,3.411000061E2,3.790092468E0,2.500000000E0
2.134342729E2,6.504328168E1,2.545013655E1,2.297669586E1,1.580000043E0,3.447999878E2,3.790092468E0,2.500000000E0
2.144337692E2,6.504329509E1,2.545012601E1,2.266803474E1,1.539999962E0,3.418999939E2,3.790092468E0,2.500000000E0
2.154340536E2,6.504330834E1,2.545011135E1,2.257580394E1,1.559999943E0,3.395000000E2,3.790092468E0,2.500000000E0
2.164341652E2,6.504332322E1,2.545010225E1,2.205107792E1,1.570000052E0,3.411000061E2,3.790092468E0,2.500000000E0
2.174341181E2,6.504333766E1,2.545009108E1,2.209147639E1,1.580000043E0,3.423999939E2,3.790092468E0,2.500000000E0
2.184346363E2,6.504335188E1,2.545008283E1,2.194480247E1,1.539999962E0,3.458999939E2,3.790092468E0,2.500000000E0
2.194337627E2,6.504336736E1,2.545007011E1,2.191494890E1,1.659999967E0,3.408999939E2,3.790092468E0,2.500000000E0
2.204345038E2,6.504338135E1,2.545005743E1,2.226662670E1,1.600000024E0,3.385000000E2,3.790092468E0,2.500000000E0
2.214341298E2,6.504339506E1,2.545004660E1,2.249373203E1,1.610000014E0,3.417000122E2,3.790092468E0,2.500000000E0
2.224340243E2,6.504340913E1,2.545003392E1,2.209632531E1,1.590000033E0,3.417000122E2,3.790092468E0,2.500000000E0
2.234344943E2,6.504342314E1,2.545002411E1,2.198572310E1,1.590000033E0,3.422999878E2,3.790092468E0,2.500000000E0
2.244337597E2,6.504343590E1,2.545001176E1,2.217553618E1,1.549999952E0,3.397000122E2,3.790092468E0,2.500000000E0
2.254339421E2,6.504344948E1,2.544999888E1,2.231749732E1,1.620000005E0,3.405000000E2,3.790092468E0,2.500000000E0
2.264339786E2,6.504346234E1,2.544999027E1,2.256645379E1,1.509999990E0,3.437999878E2,3.790092468E0,2.500000000E0
2.274336715E2,6.504347584E1,2.544998053E1,2.261838840E1,1.570000052E0,3.422000122E2,3.790092468E0,2.500000000E0
2.284336555E2,6.504348816E1,2.544997104E1,2.271500125E1,1.509999990E0,3.402000122E2,3.790092468E0,2.500000000E0
2.294345381E2,6.504350030E1,2.544995795E1,2.265170171E1,1.519999981E0,3.383999939E2,3.790092468E0,2.500000000E0
2.304338176E2,6.504351365E1,2.544994514E1,2.287642661E1,1.559999943E0,3.437999878E2,3.790092468E0,2.500000000E0
2.314337460E2,6.504352713E1,2.544993348E1,2.293232834E1,1.559999943E0,3.436000061E2,3.790092468E0,2.500000000E0
2.324337871E2,6.504354074E1,2.544992183E1,2.299579837E1,1.580000043E0,3.416000061E2,3.790092468E0,2.500000000E0
2.334337402E2,6.504355365E1,2.544991058E1,2.298614860E1,1.549999952E0,3.433999939E2,3.790092468E0,2.500000000E0
2.344344889E2,6.504356615E1,2.544990252E1,2.328893827E1,1.480000019E0,3.442000122E2,3.790092468E0,2.500000000E0
2.354346451E2,6.504358002E1,2.544989581E1,2.318498925E1,1.519999981E0,3.440000000E2,3.790092468E0,2.500000000E0
2.364341778E2,6.504359438E1,2.544988822E1,2.297416738E1,1.559999943E0,3.437999878E2,3.790092468E0,2.500000000E0
2.374342844E2,6.504360795E1,2.544988365E1,2.268906634E1,1.500000000E0,3.457999878E2,3.790092468E0,2.500000000E0
2.384341807E2,6.504362230E1,2.544987461E1,2.277695040E1,1.590000033E0,3.427999878E2,3.790092468E0,2.500000000E0
2.394342515E2,6.504363564E1,2.544986384E1,2.281252755E1,1.590000033E0,3.400000000E2,3.790092468E0,2.500000000E0
2.404346195E2,6.504364987E1,2.544985263E1,2.279530890E1,1.610000014E0,3.417999878E2,3.790092468E0,2.500000000E0
2.414337248E2,6.504366457E1,2.544983994E1,2.295063631E1,1.600000024E0,3.397000122E2,3.790092468E0,2.500000000E0
2.424339166E2,6.504367914E1,2.544982855E1,2.272669144E1,1.590000033E0,3.430000000E2,3.790092468E0,2.500000000E0
2.434340656E2,6.504369349E1,2.544981880E1,2.277667259E1,1.600000024E0,3.411000061E2,3.790092468E0,2.500000000E0
2.444343562E2,6.504370805E1,2.544980834E1,2.249260818E1,1.659999967E0,3.407000122E2,3.790092468E0,2.500000000E0
2.454344871E2,6.504372225E1,2.544979841E1,2.232426662E1,1.610000014E0,3.398999939E2,3.790092468E0,2.500000000E0
2.464336680E2,6.504373670E1,2.544979003E1,2.215366681E1,1.600000024E0,3.427000122E2,3.790092468E0,2.500000000E0
2.474345639E2,6.504375043E1,2.544978244E1,2.226517185E1,1.519999981E0,3.427000122E2,3.790092468E0,2.500000000E0
2.484345234E2,6.504376611E1,2.544977376E1,2.228762572E1,1.639999986E0,3.422000122E2,3.790092468E0,2.500000000E0
2.494345253E2,6.504378136E1,2.544976331E1,2.199159815E1,1.669999957E0,3.422000122E2,3.790092468E0,2.500000000E0
2.504345070E2,6.504379635E1,2.544975304E1,2.210786317E1,1.669999957E0,3.432999878E2,3.790092468E0,2.500000000E0
2.514345049E2,6.504381112E1,2.544974028E1,2.169605187E1,1.659999967E0,3.413999939E2,3.790092468E0,2.500000000E0
2.524345769E2,6.504382523E1,2.544972718E1,2.147973640E1,1.679999948E0,3.423999939E2,3.790092468E0,2.500000000E0
2.534343897E2,6.504384025E1,2.544971520E1,2.151317654E1,1.639999986E0,3.422000122E2,3.790092468E0,2.500000000E0
2.544342397E2,6.504385456E1,2.544970296E1,2.142833080E1,1.639999986E0,3.420000000E2,3.790092468E0,2.500000000E0
2.554339669E2,6.504386944E1,2.544968682E1,2.099979549E1,1.730000019E0,3.382999878E2,3.790092468E0,2.500000000E0
2.564342675E2,6.504388329E1,2.544967709E1,2.093142967E1,1.690000057E0,3.432000122E2,3.790092468E0,2.500000000E0
2.574341524E2,6.504389659E1,2.544966729E1,2.118453623E1,1.669999957E0,3.416000061E2,3.790092468E0,2.500000000E0
2.584344631E2,6.504391109E1,2.544965725E1,2.126033517E1,1.700000048E0,3.415000000E2,3.790092468E0,2.500000000E0
2.594338196E2,6.504392455E1,2.544964708E1,2.122920090E1,1.649999976E0,3.422000122E2,3.790092468E0,2.500000000E0
2.604346091E2,6.504393754E1,2.544963525E1,2.134021754E1,1.590000033E0,3.436000061E2,3.790092468E0,2.500000000E0
2.614339517E2,6.504395141E1,2.544962180E1,2.136657791E1,1.690000057E0,3.437999878E2,3.790092468E0,2.500000000E0
2.624342232E2,6.504396634E1,2.544960673E1,2.127208810E1,1.759999990E0,3.432000122E2,3.790092468E0,2.500000000E0
2.634341008E2,6.504398025E1,2.544958946E1,2.126475667E1,1.759999990E0,3.421000061E2,3.790092468E0,2.500000000E0
2.644341925E2,6.504399340E1,2.544957459E1,2.158249903E1,1.649999976E0,3.416000061E2,3.790092468E0,2.500000000E0
2.654342089E2,6.504400693E1,2.544956173E1,2.177475315E1,1.649999976E0,3.420000000E2,3.790092468E0,2.500000000E0
2.664345225E2,6.504401973E1,2.544954963E1,2.161184405E1,1.629999995E0,3.392999878E2,3.790092468E0,2.500000000E0
2.674338024E2,6.504403320E1,2.544954154E1,2.159932571E1,1.620000005E0,3.468999939E2,3.790092468E0,2.500000000E0
2.684341194E2,6.504404675E1,2.544952967E1,2.176588411E1,1.700000048E0,3.406000061E2,3.790092468E0,2.500000000E0
2.694344699E2,6.504406077E1,2.544951896E1,2.159497907E1,1.730000019E0,3.422999878E2,3.790092468E0,2.500000000E0
2.704346092E2,6.504407519E1,2.544950649E1,2.151416158E1,1.799999952E0,3.397999878E2,3.790092468E0,2.500000000E0
2.714346519E2,6.504408926E1,2.544949778E1,2.130517077E1,1.649999976E0,3.428999939E2,3.790092468E0,2.500000000E0
2.724337439E2,6.504410294E1,2.544948595E1,2.131364807E1,1.659999967E0,3.400000000E2,3.790092468E0,2.500000000E0
2.734345555E2,6.504411743E1,2.544947451E1,2.106956161E1,1.730000019E0,3.390000000E2,3.790092468E0,2.500000000E0
2.744344020E2,6.504413221E1,2.544946180E1,2.091489141E1,1.779999971E0,3.393999939E2,3.790092468E0,2.500000000E0
2.754339497E2,6.504414658E1,2.544944963E1,2.076919360E1,1.779999971E0,3.382999878E2,3.790092468E0,2.500000000E0
2.764338432E2,6.504416126E1,2.544943744E1,2.083882770E1,1.720000029E0,3.392999878E2,3.790092468E0,2.500000000E0
2.774343211E2,6.504417599E1,2.544942587E1,2.046339347E1,1.720000029E0,3.421000061E2,3.790092468E0,2.500000000E0
2.784337584E2,6.504419134E1,2.544941445E1,2.045954105E1,1.799999952E0,3.407999878E2,3.790092468E0,2.500000000E0
2.794340676E2,6.504420605E1,2.544940382E1,2.016204882E1,1.690000057E0,3.432999878E2,3.790092468E0,2.500000000E0
2.804342855E2,6.504421982E1,2.544939259E1,1.971477663E1,1.600000024E0,3.437999878E2,3.790092468E0,2.500000000E0
2.814344821E2,6.504423290E1,2.544938063E1,1.933555884E1,1.529999971E0,3.435000000E2,3.790092468E0,2.500000000E0
2.824338612E2,6.504424627E1,2.544936514E1,1.894926051E1,1.639999986E0,3.350000000E2,3.790092468E0,2.500000000E0
2.834342773E2,6.504425966E1,2.544935485E1,1.877798954E1,1.580000043E0,3.410000000E2,3.790092468E0,2.500000000E0
2.844346073E2,6.504427317E1,2.544934837E1,1.870236098E1,1.580000043E0,3.457999878E2,3.790092468E0,2.500000000E0
2.854337550E2,6.504428558E1,2.544934168E1,1.875844671E1,1.539999962E0,3.466000061E2,3.790092468E0,2.500000000E0
2.864340330E2,6.504429891E1,2.544933546E1,1.889406092E1,1.590000033E0,3.470000000E2,3.790092468E0,2.500000000E0
2.874338981E2,6.504431150E1,2.544933126E1,1.892646518E1,1.549999952E0,3.478999939E2,3.790092468E0,2.500000000E0
2.884341221E2,6.504432380E1,2.544932497E1,1.873480929E1,1.529999971E0,3.390000000E2,3.790092468E0,2.500000000E0
2.894341497E2,6.504433641E1,2.544931899E1,1.880450584E1,1.529999971E0,3.427999878E2,3.790092468E0,2.500000000E0
2.904338053E2,6.504435044E1,2.544931277E1,1.877184586E1,1.590000033E0,3.417999878E2,3.790092468E0,2.500000000E0
2.914346181E2,6.504436326E1,2.544930404E1,1.880516510E1,1.559999943E0,3.397000122E2,3.790092468E0,2.500000000E0
2.924339722E2,6.504437673E1,2.544929294E1,1.887699705E1,1.539999962E0,3.380000000E2,3.790092468E0,2.500000000E0
2.934337537E2,6.504439003E1,2.544928152E1,1.898294768E1,1.610000014E0,3.382000122E2,3.790092468E0,2.500000000E0
2.944340005E2,6.504440415E1,2.544927329E1,1.905282652E1,1.600000024E0,3.426000061E2,3.790092468E0,2.500000000E0
2.954337719E2,6.504441725E1,2.544926383E1,1.903469295E1,1.600000024E0,3.421000061E2,3.790092468E0,2.500000000E0
2.964338135E2,6.504443085E1,2.544925449E1,1.876546056E1,1.629999995E0,3.427999878E2,3.790092468E0,2.500000000E0
2.974340044E2,6.504444508E1,2.544924750E1,1.839997571E1,1.649999976E0,3.437999878E2,3.790092468E0,2.500000000E0
2.984339541E2,6.504445811E1,2.544923744E1,1.831488654E1,1.649999976E0,3.427999878E2,3.790092468E0,2.500000000E0
2.994340855E2,6.504447128E1,2.544922952E1,1.813732926E1,1.600000024E0,3.441000061E2,3.790092468E0,2.500000000E0
3.004338756E2,6.504448498E1,2.544921942E1,1.801171248E1,1.620000005E0,3.442999878E2,3.790092468E0,2.500000000E0
3.014339035E2,6.504449832E1,2.544920531E1,1.779710619E1,1.629999995E0,3.392999878E2,3.790092468E0,2.500000000E0
3.024343409E2,6.504451233E1,2.544919462E1,1.783701657E1,1.620000005E0,3.448999939E2,3.790092468E0,2.500000000E0
3.034343669E2,6.504452605E1,2.544918522E1,1.807321625E1,1.639999986E0,3.447999878E2,3.790092468E0,2.500000000E0
3.044338852E2,6.504454024E1,2.544917304E1,1.821706928E1,1.580000043E0,3.428999939E2,3.790092468E0,2.500000000E0
3.054340046E2,6.504455503E1,2.544916113E1,1.791786790E1,1.600000024E0,3.427999878E2,3.790092468E0,2.500000000E0
3.064340280E2,6.504456904E1,2.544914805E1,1.774500949E1,1.669999957E0,3.432999878E2,3.790092468E0,2.500000000E0
3.074337354E2,6.504458322E1,2.544913459E1,1.755628184E1,1.600000024E0,3.408999939E2,3.790092468E0,2.500000000E0
3.084337821E2,6.504459778E1,2.544912421E1,1.737707582E1,1.649999976E0,3.443999939E2,3.790092468E0,2.500000000E0
3.094337773E2,6.504461165E1,2.544911290E1,1.734404918E1,1.659999967E0,3.400000000E2,3.790092468E0,2.500000000E0
3.104338427E2,6.504462530E1,2.544910808E1,1.712511018E1,1.620000005E0,3.478999939E2,3.790092468E0,2.500000000E0
3.114341873E2,6.504463856E1,2.544909957E1,1.702146638E1,1.669999957E0,3.447000122E2,3.790092468E0,2.500000000E0
3.124338983E2,6.504465158E1,2.544908684E1,1.688370361E1,1.679999948E0,3.423999939E2,3.790092468E0,2.500000000E0
3.134342261E2,6.504466491E1,2.544907558E1,1.674703949E1,1.629999995E0,3.428999939E2,3.790092468E0,2.500000000E0
3.144340994E2,6.504467911E1,2.544906600E1,1.671926191E1,1.629999995E0,3.446000061E2,3.790092468E0,2.500000000E0
3.154336627E2,6.504469295E1,2.544905233E1,1.707289277E1,1.610000014E0,3.436000061E2,3.790092468E0,2.500000000E0
3.164337611E2,6.504470665E1,2.544904084E1,1.696845504E1,1.669999957E0,3.425000000E2,3.790092468E0,2.500000000E0
3.174345473E2,6.504472042E1,2.544902786E1,1.770227398E1,1.620000005E0,3.416000061E2,3.790092468E0,2.500000000E0
3.184339146E2,6.504473562E1,2.544901641E1,1.785540402E1,1.590000033E0,3.436000061E2,3.790092468E0,2.500000000E0
3.194340350E2,6.504475004E1,2.544900520E1,1.784068772E1,1.580000043E0,3.423999939E2,3.790092468E0,2.500000000E0
3.204338619E2,6.504476440E1,2.544899734E1,1.763694589E1,1.600000024E0,3.430000000E2,3.790092468E0,2.500000000E0
3.214343169E2,6.504477922E1,2.544898987E1,1.817380450E1,1.559999943E0,3.458999939E2,3.790092468E0,2.500000000E0
3.224338031E2,6.504479320E1,2.544897922E1,1.809988432E1,1.539999962E0,3.426000061E2,3.790092468E0,2.500000000E0
3.234342945E2,6.504480709E1,2.544896700E1,1.820821501E1,1.539999962E0,3.418999939E2,3.790092468E0,2.500000000E0
3.244343672E2,6.504482123E1,2.544895698E1,1.803700479E1,1.539999962E0,3.433999939E2,3.790092468E0,2.500000000E0
3.254342200E2,6.504483545E1,2.544894514E1,1.808802336E1,1.590000033E0,3.422999878E2,3.790092468E0,2.500000000E0
3.264340951E2,6.504484972E1,2.544893431E1,1.833417141E1,1.590000033E0,3.412000122E2,3.790092468E0,2.500000000E0
3.274339835E2,6.504486412E1,2.544892774E1,1.827642579E1,1.580000043E0,3.452000122E2,3.790092468E0,2.500000000E0
3.284340125E2,6.504487747E1,2.544891724E1,1.821068459E1,1.600000024E0,3.415000000E2,3.790092468E0,2.500000000E0
3.294341977E2,6.504488916E1,2.544890768E1,1.844371123E1,1.519999981E0,3.397999878E2,3.790092468E0,2.500000000E0
3.304343788E2,6.504490252E1,2.544889900E1,1.872342918E1,1.500000000E0,3.420000000E2,3.790092468E0,2.500000000E0
3.314345282E2,6.504491536E1,2.544889260E1,1.839859435E1,1.570000052E0,3.416000061E2,3.790092468E0,2.500000000E0
3.324344618E2,6.504492766E1,2.544888633E1,1.823580808E1,1.519999981E0,3.438999939E2,3.790092468E0,2.500000000E0
3.334341801E2,6.504493849E1,2.544888054E1,1.786605223E1,1.470000029E0,3.408999939E2,3.790092468E0,2.500000000E0
3.344345338E2,6.504494997E1,2.544887174E1,1.767451848E1,1.519999981E0,3.397999878E2,3.790092468E0,2.500000000E0
3.354339257E2,6.504496376E1,2.544886367E1,1.770258838E1,1.549999952E0,3.412000122E2,3.790092468E0,2.500000000E0
3.364341696E2,6.504497752E1,2.544885428E1,1.721594868E1,1.529999971E0,3.412000122E2,3.790092468E0,2.500000000E0
3.374337567E2,6.504499029E1,2.544884419E1,1.693853783E1,1.539999962E0,3.415000000E2,3.790092468E0,2.500000000E0
3.384338414E2,6.504500405E1,2.544883128E1,1.748363607E1,1.539999962E0,3.415000000E2,3.790092468E0,2.500000000E0
3.394343355E2,6.504501706E1,2.544882100E1,1.755241650E1,1.490000010E0,3.406000061E2,3.790092468E0,2.500000000E0
3.404344557E2,6.504503052E1,2.544880712E1,1.738480725E1,1.559999943E0,3.392999878E2,3.790092468E0,2.500000000E0
3.414342478E2,6.504504434E1,2.544880182E1,1.713382467E1,1.450000048E0,3.458999939E2,3.790092468E0,2.500000000E0
3.424336518E2,6.504505838E1,2.544879271E1,1.717263655E1,1.509999990E0,3.415000000E2,3.790092468E0,2.500000000E0
3.434340596E2,6.504507187E1,2.544878489E1,1.693367778E1,1.440000057E0,3.442000122E2,3.790092468E0,2.500000000E0
3.444344139E2,6.504508491E1,2.544877544E1,1.687007303E1,1.639999986E0,3.383999939E2,3.790092468E0,2.500000000E0
3.454344297E2,6.504509856E1,2.544876455E1,1.691437806E1,1.610000014E0,3.392000122E2,3.790092468E0,2.500000000E0
3.464337656E2,6.504511186E1,2.544875769E1,1.701849807E1,1.490000010E0,3.428999939E2,3.790092468E0,2.500000000E0
3.474341846E2,6.504512435E1,2.544874743E1,1.695428311E1,1.500000000E0,3.405000000E2,3.790092468E0,2.500000000E0
3.484344199E2,6.504513810E1,2.544874133E1,1.720787811E1,1.570000052E0,3.495000000E2,3.790092468E0,2.500000000E0
3.494340809E2,6.504515171E1,2.544873015E1,1.714183156E1,1.629999995E0,3.418999939E2,3.790092468E0,2.500000000E0
3.504344526E2,6.504516505E1,2.544872046E1,1.710203038E1,1.580000043E0,3.461000061E2,3.790092468E0,2.500000000E0
3.514342329E2,6.504517908E1,2.544871861E1,1.702212960E1,1.600000024E0,3.571000061E2,3.790092468E0,2.500000000E0
3.524345582E2,6.504519387E1,2.544872705E1,1.682681205E1,1.610000014E0,1.319999981E1,3.790092468E0,2.500000000E0
3.534346076E2,6.504520709E1,2.544875049E1,1.669411867E1,1.649999976E0,3.959999847E1,3.790092468E0,2.500000000E0
3.544345472E2,6.504521848E1,2.544877545E1,1.670656777E1,1.610000014E0,4.429999924E1,3.790092468E0,2.500000000E0
3.554336933E2,6.504522789E1,2.544880548E1,1.643349570E1,1.620000005E0,5.750000000E1,3.790092468E0,2.500000000E0
3.564344678E2,6.504523681E1,2.544883277E1,1.657485226E1,1.590000033E0,5.590000153E1,3.790092468E0,2.500000000E0
3.574338364E2,6.504524568E1,2.544886515E1,1.681948083E1,1.629999995E0,5.679999924E1,3.790092468E0,2.500000000E0
3.584340480E2,6.504525192E1,2.544890092E1,1.671718696E1,1.620000005E0,6.750000000E1,3.790092468E0,2.500000000E0
3.594340575E2,6.504525702E1,2.544893678E1,1.677273046E1,1.600000024E0,7.009999847E1,3.790092468E0,2.500000000E0
3.604345830E2,6.504526307E1,2.544897204E1,1.660262655E1,1.570000052E0,6.900000000E1,3.790092468E0,2.500000000E0
3.614346654E2,6.504526884E1,2.544900538E1,1.637850644E1,1.590000033E0,7.050000000E1,3.790092468E0,2.500000000E0
3.624342349E2,6.504527525E1,2.544903545E1,1.601022073E1,1.519999981E0,6.840000153E1,3.790092468E0,2.500000000E0
3.634339307E2,6.504528025E1,2.544906876E1,1.562704331E1,1.519999981E0,7.180000305E1,3.790092468E0,2.500000000E0
3.644344292E2,6.504528655E1,2.544910219E1,1.552792301E1,1.529999971E0,6.769999695E1,3.790092468E0,2.500000000E0
3.654341177E2,6.504529252E1,2.544913686E1,1.496591234E1,1.590000033E0,7.130000305E1,3.790092468E0,2.500000000E0
3.664338022E2,6.504530038E1,2.544916827E1,1.445455977E1,1.620000005E0,6.309999847E1,3.790092468E0,2.500000000E0
3.674340502E2,6.504530523E1,2.544920362E1,1.468795977E1,1.620000005E0,7.130000305E1,3.790092468E0,2.500000000E0
3.684340507E2,6.504531052E1,2.544923945E1,1.425601540E1,1.690000057E0,6.680000305E1,3.790092468E0,2.500000000E0
3.694337313E2,6.504531705E1,2.544927959E1,1.404105094E1,1.850000024E0,6.700000000E1,3.790092468E0,2.500000000E0
3.704338347E2,6.504532312E1,2.544931920E1,1.405478535E1,1.779999971E0,7.290000153E1,3.790092468E0,2.500000000E0
3.714343330E2,6.504533048E1,2.544935715E1,1.380271097E1,1.710000038E0,6.869999695E1,3.790092468E0,2.500000000E0
3.724337980E2,6.504533741E1,2.544939662E1,1.370499483E1,1.740000010E0,7.040000153E1,3.790092468E0,2.500000000E0
3.734338804E2,6.504534434E1,2.544943551E1,1.397684650E1,1.850000024E0,6.819999695E1,3.790092468E0,2.500000000E0
3.744338518E2,6.504535198E1,2.544947452E1,1.374253335E1,1.899999976E0,6.519999695E1,3.790092468E0,2.500000000E0
3.754338354E2,6.504535875E1,2.544951527E1,1.344755177E1,1.870000005E0,6.709999847E1,3.790092468E0,2.500000000E0
3.764337626E2,6.504536497E1,2.544955647E1,1.365049526E1,1.919999957E0,6.990000153E1,3.790092468E0,2.500000000E0
3.774343342E2,6.504537253E1,2.544959354E1,1.417790070E1,1.799999952E0,6.290000153E1,3.790092468E0,2.500000000E0
3.784343314E2,6.504537752E1,2.544963588E1,1.349894782E1,1.840000033E0,7.419999695E1,3.790092468E0,2.500000000E0
3.794338923E2,6.504538258E1,2.544967478E1,1.319346869E1,1.789999962E0,6.850000000E1,3.790092468E0,2.500000000E0
3.804344681E2,6.504538983E1,2.544971340E1,1.317717324E1,1.929999948E0,6.370000076E1,3.790092468E0,2.500000000E0
3.814346245E2,6.504539591E1,2.544975171E1,1.289067558E1,1.909999967E0,6.569999695E1,3.790092468E0,2.500000000E0
3.824338815E2,6.504540119E1,2.544979238E1,1.319823365E1,1.990000010E0,6.740000153E1,3.790092468E0,2.500000000E0
3.834337290E2,6.504540736E1,2.544983567E1,1.281902405E1,1.919999957E0,6.730000305E1,3.790092468E0,2.500000000E0
3.844338436E2,6.504541238E1,2.544987605E1,1.244085222E1,1.909999967E0,6.990000153E1,3.790092468E0,2.500000000E0
3.854337516E2,6.504541687E1,2.544991609E1,1.211181386E1,1.980000019E0,6.709999847E1,3.790092468E0,2.500000000E0
3.864342148E2,6.504542170E1,2.544995504E1,1.148046813E1,1.919999957E0,7.009999847E1,3.790092468E0,2.500000000E0
3.874341732E2,6.504542794E1,2.544999604E1,1.094909763E1,1.899999976E0,6.669999695E1,3.790092468E0,2.500000000E0
3.884342361E2,6.504543400E1,2.545003772E1,1.079516868E1,1.950000048E0,6.719999695E1,3.790092468E0,2.500000000E0
3.894343080E2,6.504543976E1,2.545007928E1,1.064593954E1,2.029999971E0,6.650000000E1,3.790092468E0,2.500000000E0
3.904342928E2,6.504544586E1,2.545011965E1,1.036310419E1,1.990000010E0,6.800000000E1,3.790092468E0,2.500000000E0
3.914341301E2,6.504545129E1,2.545016122E1,1.006635322E1,2.000000000E0,6.759999847E1,3.790092468E0,2.500000000E0
3.924343921E2,6.504545598E1,2.545020109E1,9.914743965E0,2.000000000E0,6.659999847E1,3.790092468E0,2.500000000E0
3.934336950E2,6.504546128E1,2.545023813E1,1.009040470E1,1.980000019E0,6.400000000E1,3.790092468E0,2.500000000E0
3.944345495E2,6.504546670E1,2.545027821E1,9.823804947E0,1.970000029E0,6.750000000E1,3.790092468E0,2.500000000E0
3.954338315E2,6.504547299E1,2.545031641E1,9.964858472E0,1.950000048E0,6.780000305E1,3.790092468E0,2.500000000E0
3.964339485E2,6.504548018E1,2.545035667E1,1.017457639E1,1.940000057E0,6.669999695E1,3.790092468E0,2.500000000E0
3.974340980E2,6.504548676E1,2.545039518E1,1.046565425E1,1.929999948E0,6.809999847E1,3.790092468E0,2.500000000E0
3.984340328E2,6.504549299E1,2.545043261E1,1.056093136E1,1.899999976E0,6.550000000E1,3.790092468E0,2.500000000E0
3.994343402E2,6.504549869E1,2.545047045E1,1.013930198E1,1.850000024E0,6.840000153E1,3.790092468E0,2.500000000E0
4.004345330E2,6.504550475E1,2.545050788E1,1.042201812E1,1.980000019E0,6.390000153E1,3.790092468E0,2.500000000E0
4.014342383E2,6.504550989E1,2.545054846E1,1.068227399E1,1.929999948E0,6.759999847E1,3.790092468E0,2.500000000E0
4.024336520E2,6.504551560E1,2.545058319E1,1.080288063E1,1.850000024E0,6.350000000E1,3.790092468E0,2.500000000E0
4.034345214E2,6.504552232E1,2.545061945E1,1.065658028E1,1.879999995E0,6.370000076E1,3.790092468E0,2.500000000E0
4.044338134E2,6.504552869E1,2.545065534E1,1.003463306E1,1.860000014E0,6.680000305E1,3.790092468E0,2.500000000E0
4.054344552E2,6.504553696E1,2.545069154E1,1.008449909E1,1.879999995E0,6.480000305E1,3.790092468E0,2.500000000E0
4.064339518E2,6.504554432E1,2.545072734E1,1.020882832E1,1.840000033E0,6.830000305E1,3.790092468E0,2.500000000E0
4.074338956E2,6.504555201E1,2.545076518E1,1.012399015E1,1.889999986E0,6.480000305E1,3.790092468E0,2.500000000E0
4.084339412E2,6.504555960E1,2.545080356E1,9.989469452E0,1.940000057E0,6.350000000E1,3.790092468E0,2.500000000E0
4.094344289E2,6.504556654E1,2.545084223E1,1.020461945E1,1.870000005E0,6.659999847E1,3.790092468E0,2.500000000E0
4.104340920E2,6.504557455E1,2.545087935E1,1.026260335E1,1.850000024E0,6.379999924E1,3.790092468E0,2.500000000E0
4.114340300E2,6.504558204E1,2.545091783E1,9.814728210E0,1.879999995E0,6.680000305E1,3.790092468E0,2.500000000E0
4.124338872E2,6.504559075E1,2.545095792E1,9.777741420E0,1.950000048E0,6.509999847E1,3.790092468E0,2.500000000E0
4.134341969E2,6.504559858E1,2.545099632E1,1.002829143E1,1.909999967E0,6.930000305E1,3.790092468E0,2.500000000E0
4.144343222E2,6.504560668E1,2.545103423E1,9.404451643E0,1.889999986E0,6.440000153E1,3.790092468E0,2.500000000E0
4.154344594E2,6.504561411E1,2.545107279E1,9.146517945E0,1.860000014E0,6.959999847E1,3.790092468E0,2.500000000E0
4.164340704E2,6.504562277E1,2.545111014E1,9.088656883E0,1.909999967E0,6.790000153E1,3.790092468E0,2.500000000E0
4.174345043E2,6.504563231E1,2.545114946E1,8.844333266E0,1.960000038E0,6.740000153E1,3.790092468E0,2.500000000E0
4.184340867E2,6.504564172E1,2.545118669E1,8.768466525E0,1.870000005E0,6.580000305E1,3.790092468E0,2.500000000E0
4.194341664E2,6.504565054E1,2.545122714E1,8.645908443E0,1.899999976E0,6.619999695E1,3.790092468E0,2.500000000E0
4.204342222E2,6.504565801E1,2.545127092E1,8.867467435E0,1.970000029E0,7.319999695E1,3.790092468E0,2.500000000E0
4.214343861E2,6.504566681E1,2.545131097E1,8.832006490E0,1.909999967E0,6.630000305E1,3.790092468E0,2.500000000E0
4.224343029E2,6.504567487E1,2.545134869E1,8.623877151E0,1.899999976E0,6.480000305E1,3.790092468E0,2.500000000E0
4.234342942E2,6.504568315E1,2.545138980E1,8.418128431E0,1.940000057E0,6.609999847E1,3.790092468E0,2.500000000E0
4.244342243E2,6.504569039E1,2.545142895E1,8.483742234E0,1.899999976E0,6.750000000E1,3.790092468E0,2.500000000E0
4.254341856E2,6.504569673E1,2.545146844E1,8.312478986E0,1.919999957E0,6.840000153E1,3.790092468E0,2.500000000E0
4.264343063E2,6.504570312E1,2.545150605E1,8.159342974E0,1.799999952E0,6.669999695E1,3.790092468E0,2.500000000E0
4.274343994E2,6.504571072E1,2.545154289E1,8.494792833E0,1.809999943E0,6.700000000E1,3.790092468E0,2.500000000E0
4.284343582E2,6.504571796E1,2.545158005E1,8.709271188E0,1.850000024E0,6.769999695E1,3.790092468E0,2.500000000E0
4.294345102E2,6.504572527E1,2.545161705E1,8.669782214E0,1.850000024E0,6.769999695E1,3.790092468E0,2.500000000E0
4.304337372E2,6.504573306E1,2.545165713E1,8.607893453E0,1.990000010E0,6.630000305E1,3.790092468E0,2.500000000E0
4.314341731E2,6.504574116E1,2.545169298E1,8.665572023E0,1.860000014E0,6.450000000E1,3.790092468E0,2.500000000E0
4.324340466E2,6.504574844E1,2.545172836E1,8.691085343E0,1.909999967E0,6.680000305E1,3.790092468E0,2.500000000E0
4.334337542E2,6.504575562E1,2.545176589E1,8.720627237E0,1.889999986E0,6.640000153E1,3.790092468E0,2.500000000E0
4.344339646E2,6.504576283E1,2.545180348E1,8.673264828E0,1.919999957E0,6.640000153E1,3.790092468E0,2.500000000E0
4.354344895E2,6.504577075E1,2.545184113E1,8.717454879E0,1.909999967E0,6.569999695E1,3.790092468E0,2.500000000E0
4.364343961E2,6.504577853E1,2.545187865E1,8.702440872E0,1.870000005E0,6.680000305E1,3.790092468E0,2.500000000E0
4.374340669E2,6.504578449E1,2.545191688E1,8.675953045E0,1.899999976E0,7.150000000E1,3.790092468E0,2.500000000E0
4.384341942E2,6.504579151E1,2.545195536E1,8.917042950E0,1.870000005E0,6.569999695E1,3.790092468E0,2.500000000E0
4.394341434E2,6.504579786E1,2.545199154E1,8.961965899E0,1.909999967E0,6.530000305E1,3.790092468E0,2.500000000E0
4.404338630E2,6.504580487E1,2.545203151E1,9.082816699E0,1.960000038E0,6.440000153E1,3.790092468E0,2.500000000E0
4.414341498E2,6.504581145E1,2.545207241E1,9.287407995E0,1.879999995E0,6.790000153E1,3.790092468E0,2.500000000E0
4.424335981E2,6.504581934E1,2.545211400E1,9.450617006E0,1.960000038E0,6.640000153E1,3.790092468E0,2.500000000E0
4.434339158E2,6.504582574E1,2.545215397E1,9.105281524E0,1.960000038E0,7.119999695E1,3.790092468E0,2.500000000E0
4.444338458E2,6.504582961E1,2.545219219E1,9.158994719E0,1.950000048E0,7.690000153E1,3.790092468E0,2.500000000E0
4.454339811E2,6.504582905E1,2.545223180E1,9.172426598E0,1.950000048E0,9.069999695E1,3.790092468E0,2.500000000E0
4.464344207E2,6.504582425E1,2.545226888E1,9.208076696E0,1.850000024E0,1.063000031E2,3.790092468E0,2.500000000E0
4.474341010E2,6.504581582E1,2.545230426E1,9.065322297E0,1.889999986E0,1.189000015E2,3.790092468E0,2.500000000E0
4.484345579E2,6.504580522E1,2.545233551E1,9.200644516E0,1.809999943E0,1.283999939E2,3.790092468E0,2.500000000E0
4.494341232E2,6.504579381E1,2.545236565E1,9.146880030E0,1.850000024E0,1.296999969E2,3.790092468E0,2.500000000E0
4.504343955E2,6.504578392E1,2.545239740E1,8.973303092E0,1.889999986E0,1.250999985E2,3.790092468E0,2.500000000E0
4.514344390E2,6.504577398E1,2.545242883E1,8.968244207E0,1.870000005E0,1.216999969E2,3.790092468E0,2.500000000E0
4.524336313E2,6.504576370E1,2.545246215E1,9.002004003E0,1.919999957E0,1.193000031E2,3.790092468E0,2.500000000E0
4.534344877E2,6.504575293E1,2.545249479E1,9.182553474E0,1.889999986E0,1.250999985E2,3.790092468E0,2.500000000E0
4.544346301E2,6.504574394E1,2.545252471E1,9.191104904E0,1.779999971E0,1.203000031E2,3.790092468E0,2.500000000E0
4.554338124E2,6.504573257E1,2.545255676E1,8.976024670E0,1.899999976E0,1.271999969E2,3.790092468E0,2.500000000E0
4.564340466E2,6.504572400E1,2.545259322E1,8.646746990E0,1.870000005E0,1.210999985E2,3.790092468E0,2.500000000E0
4.574340598E2,6.504571561E1,2.545262833E1,8.719446644E0,1.879999995E0,1.225000000E2,3.790092468E0,2.500000000E0
4.584339259E2,6.504570676E1,2.545266140E1,8.808320594E0,1.860000014E0,1.240999985E2,3.790092468E0,2.500000000E0
4.594338177E2,6.504569701E1,2.545269495E1,8.934792602E0,1.940000057E0,1.245000000E2,3.790092468E0,2.500000000E0
4.604343511E2,6.504568917E1,2.545272824E1,8.918929846E0,1.860000014E0,1.200000000E2,3.790092468E0,2.500000000E0
4.614343850E2,6.504568166E1,2.545276313E1,9.263418680E0,1.899999976E0,1.203000031E2,3.790092468E0,2.500000000E0
4.624337594E2,6.504567271E1,2.545279775E1,9.465390965E0,1.870000005E0,1.239000015E2,3.790092468E0,2.500000000E0
4.634340844E2,6.504566203E1,2.545283311E1,9.651616934E0,1.909999967E0,1.248000031E2,3.790092468E0,2.500000000E0
4.644342801E2,6.504565140E1,2.545286705E1,9.680616180E0,1.909999967E0,1.220999985E2,3.790092468E0,2.500000000E0
4.654345045E2,6.504564046E1,2.545289729E1,1.012935395E1,1.940000057E0,1.234000015E2,3.790092468E0,2.500000000E0
4.664338194E2,6.504563063E1,2.545292722E1,1.045437299E1,1.830000043E0,1.220999985E2,3.790092468E0,2.500000000E0
4.674342528E2,6.504562042E1,2.545296114E1,1.040720019E1,1.899999976E0,1.210000000E2,3.790092468E0,2.500000000E0
4.684344995E2,6.504561174E1,2.545299577E1,1.062260010E1,1.879999995E0,1.205999985E2,3.790092468E0,2.500000000E0
4.694345318E2,6.504560089E1,2.545302655E1,1.101048584E1,1.870000005E0,1.283999939E2,3.790092468E0,2.500000000E0
4.704341474E2,6.504558691E1,2.545305241E1,1.108825269E1,1.919999957E0,1.398000031E2,3.790092468E0,2.500000000E0
4.714341169E2,6.504557112E1,2.545307088E1,1.116943750E1,1.789999962E0,1.516999969E2,3.790092468E0,2.500000000E0
4.724344322E2,6.504555275E1,2.545308246E1,1.154591072E1,1.919999957E0,1.611000061E2,3.790092468E0,2.500000000E0
4.734339450E2,6.504553638E1,2.545309936E1,1.169380703E1,1.870000005E0,1.528999939E2,3.790092468E0,2.500000000E0
4.744344630E2,6.504552085E1,2.545311902E1,1.179849038E1,1.840000033E0,1.483999939E2,3.790092468E0,2.500000000E0
4.754340726E2,6.504550732E1,2.545314056E1,1.192978446E1,1.870000005E0,1.463000031E2,3.790092468E0,2.500000000E0
4.764340314E2,6.504549444E1,2.545316638E1,1.180680624E1,1.909999967E0,1.456999969E2,3.790092468E0,2.500000000E0
4.774340347E2,6.504548191E1,2.545319270E1,1.182201153E1,1.940000057E0,1.430000000E2,3.790092468E0,2.500000000E0
4.784344318E2,6.504547039E1,2.545322174E1,1.182647450E1,1.850000024E0,1.381999969E2,3.790092468E0,2.500000000E0
4.794341115E2,6.504545932E1,2.545325247E1,1.191504391E1,1.889999986E0,1.375000000E2,3.790092468E0,2.500000000E0
4.804336791E2,6.504544803E1,2.545328509E1,1.197456085E1,1.929999948E0,1.336000061E2,3.790092468E0,2.500000000E0
4.814338014E2,6.504543782E1,2.545331407E1,1.202144273E1,1.799999952E0,1.340000000E2,3.790092468E0,2.500000000E0
4.824344012E2,6.504542609E1,2.545334067E1,1.208315652E1,1.889999986E0,1.356000061E2,3.790092468E0,2.500000000E0
4.834336430E2,6.504541403E1,2.545336525E1,1.238058801E1,1.840000033E0,1.371000061E2,3.790092468E0,2.500000000E0
4.844338652E2,6.504540273E1,2.545339307E1,1.268174267E1,1.889999986E0,1.315000000E2,3.790092468E0,2.500000000E0
4.854344194E2,6.504539219E1,2.545342255E1,1.292424240E1,1.850000024E0,1.270999985E2,3.790092468E0,2.500000000E0
4.864339826E2,6.504538200E1,2.545345084E1,1.289281610E1,1.860000014E0,1.326999969E2,3.790092468E0,2.500000000E0
4.874339521E2,6.504537288E1,2.545347875E1,1.272235125E1,1.929999948E0,1.338000031E2,3.790092468E0,2.500000000E0
4.884339129E2,6.504536371E1,2.545350594E1,1.243292883E1,1.870000005E0,1.346000061E2,3.790092468E0,2.500000000E0
4.894344948E2,6.504535296E1,2.545353067E1,1.255280855E1,1.860000014E0,1.366999969E2,3.790092468E0,2.500000000E0
4.904344140E2,6.504534115E1,2.545355800E1,1.293745945E1,1.899999976E0,1.363999939E2,3.790092468E0,2.500000000E0
4.914343913E2,6.504532756E1,2.545358340E1,1.320577785E1,1.889999986E0,1.410000000E2,3.790092468E0,2.500000000E0
4.924342732E2,6.504531418E1,2.545360025E1,1.341544054E1,1.870000005E0,1.510000000E2,3.790092468E0,2.500000000E0
4.934336876E2,6.504529930E1,2.545361162E1,1.343406324E1,1.860000014E0,1.576000061E2,3.790092468E0,2.500000000E0
4.944337225E2,6.504528352E1,2.545362239E1,1.353337471E1,1.820000052E0,1.608000031E2,3.790092468E0,2.500000000E0
4.954341587E2,6.504526741E1,2.545363526E1,1.346801366E1,1.889999986E0,1.601000061E2,3.790092468E0,2.500000000E0
4.964340815E2,6.504525150E1,2.545364602E1,1.342041356E1,1.850000024E0,1.620000000E2,3.790092468E0,2.500000000E0
4.974341436E2,6.504523501E1,2.545365853E1,1.374946181E1,1.909999967E0,1.593000031E2,3.790092468E0,2.500000000E0
4.984343199E2,6.504522076E1,2.545367611E1,1.388032853E1,1.730000019E0,1.528999939E2,3.790092468E0,2.500000000E0
4.994344610E2,6.504520555E1,2.545369508E1,1.404342232E1,1.879999995E0,1.526000061E2,3.790092468E0,2.500000000E0
5.004344536E2,6.504519164E1,2.545371450E1,1.409958205E1,1.789999962E0,1.491000061E2,3.790092468E0,2.500000000E0
5.014343599E2,6.504517660E1,2.545373219E1,1.414109361E1,1.769999981E0,1.530000000E2,3.790092468E0,2.500000000E0
5.024342332E2,6.504516187E1,2.545375042E1,1.384172376E1,1.820000052E0,1.545000000E2,3.790092468E0,2.500000000E0
5.034343785E2,6.504514826E1,2.545376862E1,1.354918940E1,1.750000000E0,1.523999939E2,3.790092468E0,2.500000000E0
5.044335341E2,6.504513458E1,2.545378679E1,1.372290263E1,1.730000019E0,1.476999969E2,3.790092468E0,2.500000000E0
5.054339877E2,6.504512063E1,2.545381082E1,1.368592318E1,1.809999943E0,1.433000031E2,3.790092468E0,2.500000000E0
5.064342869E2,6.504510763E1,2.545383728E1,1.379616039E1,1.799999952E0,1.395000000E2,3.790092468E0,2.500000000E0
5.074342081E2,6.504509777E1,2.545387001E1,1.396224415E1,1.860000014E0,1.264000015E2,3.790092468E0,2.500000000E0
5.084338795E2,6.504509164E1,2.545390527E1,1.391433743E1,1.799999952E0,1.143000031E2,3.790092468E0,2.500000000E0
5.094344923E2,6.504508675E1,2.545394261E1,1.371640602E1,1.769999981E0,1.120000000E2,3.790092468E0,2.500000000E0
5.104341129E2,6.504508451E1,2.545398438E1,1.384116687E1,1.940000057E0,1.018000031E2,3.790092468E0,2.500000000E0
5.114343713E2,6.504508084E1,2.545402462E1,1.371641641E1,1.919999957E0,1.095999985E2,3.790092468E0,2.500000000E0
5.124343430E2,6.504507672E1,2.545406488E1,1.351964465E1,1.870000005E0,1.125000000E2,3.790092468E0,2.500000000E0
5.134341635E2,6.504506922E1,2.545410021E1,1.343127217E1,1.830000043E0,1.256999969E2,3.790092468E0,2.500000000E0
5.144340533E2,6.504505857E1,2.545412899E1,1.350311757E1,1.870000005E0,1.291999969E2,3.790092468E0,2.500000000E0
5.154345254E2,6.504504625E1,2.545415571E1,1.340876468E1,1.840000033E0,1.348000031E2,3.790092468E0,2.500000000E0
5.164338981E2,6.504503326E1,2.545417898E1,1.318208751E1,1.840000033E0,1.408999939E2,3.790092468E0,2.500000000E0
5.174339368E2,6.504501833E1,2.545420406E1,1.288259633E1,2.079999924E0,1.455000000E2,3.790092468E0,2.500000000E0
5.184340790E2,6.504500363E1,2.545422533E1,1.287375410E1,1.970000029E0,1.506000061E2,3.790092468E0,2.500000000E0
5.194346672E2,6.504498735E1,2.545423661E1,1.318119569E1,1.980000019E0,1.606000061E2,3.790092468E0,2.500000000E0
5.204338320E2,6.504497054E1,2.545424566E1,1.307530719E1,1.889999986E0,1.628000031E2,3.790092468E0,2.500000000E0
5.214341995E2,6.504495284E1,2.545425897E1,1.293047903E1,2.000000000E0,1.596999969E2,3.790092468E0,2.500000000E0
5.224342281E2,6.504493505E1,2.545427412E1,1.315650070E1,2.000000000E0,1.618999939E2,3.790092468E0,2.500000000E0
5.234345239E2,6.504491913E1,2.545428754E1,1.341242868E1,1.909999967E0,1.651999969E2,3.790092468E0,2.500000000E0
5.244344145E2,6.504490196E1,2.545429891E1,1.317940432E1,2.000000000E0,1.650000000E2,3.790092468E0,2.500000000E0
5.254346031E2,6.504488516E1,2.545430978E1,1.321652136E1,1.929999948E0,1.658000031E2,3.790092468E0,2.500000000E0
5.264345917E2,6.504486835E1,2.545431986E1,1.295273501E1,1.870000005E0,1.653000031E2,3.790092468E0,2.500000000E0
5.274342792E2,6.504485290E1,2.545433607E1,1.287504492E1,1.879999995E0,1.568999939E2,3.790092468E0,2.500000000E0
5.284339844E2,6.504483811E1,2.545435179E1,1.300621683E1,1.840000033E0,1.596999969E2,3.790092468E0,2.500000000E0
5.294338710E2,6.504482205E1,2.545436333E1,1.335168325E1,1.830000043E0,1.625000000E2,3.790092468E0,2.500000000E0
5.304338371E2,6.504480484E1,2.545437755E1,1.347547071E1,1.909999967E0,1.598000031E2,3.790092468E0,2.500000000E0
5.314342388E2,6.504478682E1,2.545439472E1,1.316914402E1,1.960000038E0,1.576000061E2,3.790092468E0,2.500000000E0
5.324342321E2,6.504477047E1,2.545441207E1,1.284017266E1,1.899999976E0,1.583000031E2,3.790092468E0,2.500000000E0
5.334338245E2,6.504475316E1,2.545442711E1,1.269131619E1,1.970000029E0,1.573999939E2,3.790092468E0,2.500000000E0
5.344341179E2,6.504473688E1,2.545444240E1,1.264487633E1,1.919999957E0,1.550000000E2,3.790092468E0,2.500000000E0
5.354341477E2,6.504472176E1,2.545445828E1,1.267216654E1,1.850000024E0,1.541000061E2,3.790092468E0,2.500000000E0
5.364337044E2,6.504470627E1,2.545447616E1,1.280309479E1,1.950000048E0,1.556000061E2,3.790092468E0,2.500000000E0
5.374341501E2,6.504469044E1,2.545448934E1,1.271960621E1,1.970000029E0,1.578000031E2,3.790092468E0,2.500000000E0
5.384340641E2,6.504467511E1,2.545450149E1,1.249390541E1,1.940000057E0,1.570000000E2,3.790092468E0,2.500000000E0
5.394337377E2,6.504465887E1,2.545451334E1,1.245442321E1,1.840000033E0,1.600000000E2,3.790092468E0,2.500000000E0
5.404342018E2,6.504464435E1,2.545452616E1,1.231533104E1,1.850000024E0,1.545000000E2,3.790092468E0,2.500000000E0
5.414337891E2,6.504462808E1,2.545453773E1,1.251217695E1,1.899999976E0,1.591999969E2,3.790092468E0,2.500000000E0
5.424342663E2,6.504461244E1,2.545455635E1,1.220536118E1,1.909999967E0,1.551999969E2,3.790092468E0,2.500000000E0
5.434338250E2,6.504459675E1,2.545457310E1,1.210429477E1,1.860000014E0,1.585000000E2,3.790092468E0,2.500000000E0
5.444339815E2,6.504458084E1,2.545459233E1,1.187590935E1,1.919999957E0,1.566000061E2,3.790092468E0,2.500000000E0
5.454343360E2,6.504456529E1,2.545460845E1,1.194360502E1,1.909999967E0,1.578000031E2,3.790092468E0,2.500000000E0
5.464342524E2,6.504455068E1,2.545462497E1,1.187537507E1,1.909999967E0,1.568999939E2,3.790092468E0,2.500000000E0
5.474339701E2,6.504453580E1,2.545464155E1,1.189454758E1,1.940000057E0,1.558999939E2,3.790092468E0,2.500000000E0
5.484338300E2,6.504452080E1,2.545465737E1,1.204940121E1,1.909999967E0,1.566999969E2,3.790092468E0,2.500000000E0
5.494342804E2,6.504450605E1,2.545467451E1,1.196102977E1,1.870000005E0,1.555000000E2,3.790092468E0,2.500000000E0
5.504342985E2,6.504449106E1,2.545469157E1,1.200315158E1,1.929999948E0,1.556999969E2,3.790092468E0,2.500000000E0
5.514339868E2,6.504447630E1,2.545470789E1,1.226805155E1,1.860000014E0,1.558999939E2,3.790092468E0,2.500000000E0
5.524338183E2,6.504446140E1,2.545472711E1,1.216320089E1,1.830000043E0,1.526000061E2,3.790092468E0,2.500000000E0
5.534345954E2,6.504444644E1,2.545474328E1,1.201068149E1,1.870000005E0,1.573000031E2,3.790092468E0,2.500000000E0
5.544343375E2,6.504443010E1,2.545476077E1,1.163544547E1,1.919999957E0,1.563999939E2,3.790092468E0,2.500000000E0
5.554344544E2,6.504441313E1,2.545477774E1,1.129170379E1,1.840000033E0,1.605000000E2,3.790092468E0,2.500000000E0
5.564339599E2,6.504439712E1,2.545478369E1,8.471337124E0,1.669999957E0,1.721000061E2,3.790092468E0,2.500000000E0
5.574337861E2,6.504438677E1,2.545479277E1,8.131803500E0,0.000000000E0,NaN,3.790092468E0,2.500000000E0
